Column1,Column2,Column3,Column4,Column5
,41,65,,1
3,24,,91,65
89,,30,79,72
,6,60,7,89
59,27,100,86,63
49,1,35,12,17
92,68,16,,11
76,4,61,53,71
53,99,75,34,33
56,48,6,34,2
36,100,72,23,64
3,86,70,72,37
10,61,89,34,
32,70,99,11,73
62,80,42,35,60
89,2,90,71,9
73,20,96,29,2
37,59,80,87,37
25,8,14,64,71
44,55,65,41,78
29,9,64,37,69
14,96,43,20,53
47,88,80,59,83
19,32,18,74,65
75,32,53,19,90
15,59,60,53,49
94,49,33,14,38
24,79,83,21,66
79,66,53,41,57
2,17,9,12,20
2,24,7,4,30
81,5,76,99,65
79,94,67,62,6
6,6,96,81,9
73,34,39,51,42
31,49,2,46,63
53,41,1,87,63
19,45,51,70,24
86,57,57,22,1
36,8,48,97,59
84,35,39,46,26
91,39,53,27,67
42,45,71,34,45
60,29,57,47,60
32,51,35,86,14
77,84,41,59,43
28,30,97,74,68
4,60,29,71,71
75,18,64,29,45
42,100,36,5,16
36,94,17,100,19
29,68,32,61,94
13,11,60,17,50
7,65,18,74,16
13,81,51,46,99
56,19,68,62,82
30,23,18,14,30
86,25,83,47,3
84,93,28,34,98
4,96,8,39,78
56,22,40,71,97
45,41,31,8,82
6,38,46,56,98
77,73,79,96,91
9,36,18,36,6
75,90,12,89,50
86,72,58,82,23
39,8,87,87,13
67,7,92,76,22
30,19,5,46,99
97,20,18,15,60
97,17,64,33,30
43,36,42,2,54
45,88,47,91,84
44,72,58,76,43
62,35,81,28,94
9,22,38,10,27
5,10,79,98,22
39,23,99,32,56
42,37,23,4,55
4,43,47,2,53
39,100,1,35,54
68,95,22,47,54
52,3,35,1,62
67,62,83,58,80
93,32,91,25,99
63,70,26,6,22
68,74,17,60,90
14,18,44,55,66
89,41,70,11,11
26,77,77,41,61
14,51,82,40,52
94,22,78,11,46
52,99,15,65,78
56,45,100,4,48
47,1,75,42,13
53,20,83,78,62
5,32,40,27,75
18,31,92,89,86
30,23,80,37,57
96,82,24,25,67
31,55,61,86,36
19,6,5,65,53
93,75,19,65,41
94,26,93,20,90
25,51,72,72,49
49,31,47,63,91
15,17,37,40,30
62,44,94,84,1
7,79,29,51,4
17,92,49,38,35
42,23,2,51,18
73,40,46,37,24
77,10,49,15,6
84,90,61,10,49
93,98,53,25,8
4,85,45,15,27
24,11,90,92,87
14,57,38,34,23
36,51,85,57,56
36,37,40,45,17
78,25,84,43,36
26,22,21,78,42
90,66,40,39,37
68,20,96,71,31
86,21,33,6,73
27,52,54,27,71
18,39,72,77,13
25,35,90,28,91
11,25,67,40,66
1,93,2,7,62
84,53,66,73,42
91,10,75,,20
63,78,5,10,10
90,62,27,23,24
25,23,4,29,78
45,100,15,85,44
45,58,41,33,11
15,17,99,66,34
78,41,21,79,96
30,98,64,20,27
62,80,69,51,62
63,54,87,17,31
19,69,76,23,46
93,12,62,32,36
17,1,7,39,21
100,41,5,95,80
61,56,50,73,67
71,34,18,59,4
74,73,99,51,32
15,42,58,7,97
33,88,1,6,44
3,79,18,51,97
61,94,61,15,57
47,89,4,56,98
77,47,40,78,64
83,7,1,70,19
12,7,19,41,13
24,1,81,85,18
85,42,91,62,30
96,25,22,69,16
47,94,3,50,53
86,38,77,56,57
19,75,70,4,98
77,44,63,28,67
93,51,12,69,48
10,3,100,5,96
90,57,2,63,82
17,11,18,15,8
80,50,52,71,90
12,73,78,7,54
20,91,34,84,93
51,11,29,1,81
2,27,36,1,31
39,1,58,30,77
85,12,29,28,65
70,4,63,53,7
13,68,57,42,90
45,11,22,89,34
13,86,95,4,38
22,7,85,12,30
77,23,69,6,94
56,6,16,49,67
97,59,82,4,90
34,48,100,53,66
18,75,13,28,14
40,43,66,75,89
67,5,85,88,41
82,41,95,99,10
3,30,89,58,80
12,53,47,73,1
86,89,72,70,79
42,29,12,15,97
59,54,84,62,76
77,46,67,14,97
83,12,78,55,25
48,64,44,80,36
51,1,22,59,16
84,21,4,87,81
63,59,60,9,25
21,44,2,58,6
43,17,88,93,40
95,47,89,92,52
8,23,96,26,82
85,28,94,85,5
36,56,5,51,14
26,41,39,40,2
78,30,36,15,7
75,98,49,15,97
3,62,97,71,52
27,94,34,96,51
43,63,40,49,53
79,34,65,10,97
2,42,71,13,84
5,40,68,17,72
8,89,61,13,1
28,29,98,99,97
78,86,56,50,43
11,27,7,4,91
55,2,99,80,38
52,46,29,82,91
47,13,96,96,22
39,34,67,18,16
93,98,45,22,84
10,91,90,4,30
94,71,77,56,50
93,75,17,19,48
29,45,3,20,26
64,72,77,39,33
51,31,29,50,84
94,100,54,86,9
84,92,32,77,85
100,13,3,82,34
46,83,9,69,84
87,30,37,7,79
92,12,2,68,65
86,68,98,77,52
29,64,35,99,70
91,93,73,29,86
81,91,75,31,61
75,1,25,35,87
30,97,6,8,62
28,95,99,81,60
94,94,34,90,73
14,6,26,39,32
90,15,20,91,8
82,43,90,9,59
47,7,81,4,13
99,34,62,95,43
73,1,55,5,74
3,98,67,86,15
53,78,41,100,25
48,43,10,78,51
89,51,6,62,7
45,64,36,76,63
47,99,53,46,52
39,86,29,98,46
3,58,93,15,40
74,84,19,48,18
92,64,23,12,30
39,94,27,45,44
21,59,7,86,69
51,80,85,92,4
45,57,40,35,82
20,90,30,100,96
71,32,21,97,9
62,81,12,40,81
13,45,90,82,51
8,71,44,98,17
78,52,42,57,97
27,77,9,52,14
27,88,96,18,99
49,28,60,90,30
6,75,51,34,62
71,53,16,93,2
84,91,93,26,15
18,7,35,97,68
97,11,54,69,44
85,86,37,39,38
97,21,63,54,61
24,75,21,11,87
92,4,84,57,65
98,90,2,41,40
13,27,,56,5
24,43,26,5,43
30,86,66,78,4
60,80,94,66,11
83,57,99,16,3
4,4,5,63,30
42,68,96,75,36
38,23,95,93,44
12,35,64,53,83
29,85,9,45,15
50,24,15,51,82
38,54,18,45,98
35,91,65,8,30
96,14,34,90,76
62,99,17,65,61
60,31,62,71,21
2,43,61,65,59
14,4,17,36,67
7,89,49,56,29
25,39,68,36,82
83,45,73,16,56
4,83,97,11,83
38,61,35,79,93
28,89,36,79,83
94,57,28,94,91
10,20,11,13,61
16,76,72,100,21
20,80,87,94,64
28,14,4,94,30
29,96,3,23,4
63,58,50,72,96
12,81,80,94,46
70,67,16,84,11
4,55,40,15,85
67,43,2,17,84
85,27,56,18,4
92,54,80,62,72
6,18,40,10,68
74,86,33,17,81
96,57,78,76,17
9,57,59,46,73
44,40,94,46,10
46,100,100,39,85
79,72,51,35,72
24,26,95,95,21
31,72,96,31,85
28,22,53,5,34
48,6,9,5,56
69,36,23,89,54
26,34,63,89,61
87,76,6,76,1
99,85,37,34,75
71,45,1,44,62
50,70,70,66,73
8,48,100,88,26
94,92,26,1,69
69,70,71,86,30
3,1,53,60,86
84,94,21,72,29
43,22,84,84,57
61,4,8,4,72
73,60,86,94,3
69,62,13,84,80
43,2,60,2,89
68,93,9,37,98
97,74,44,40,3
4,77,18,23,87
90,87,66,73,64
43,39,62,55,92
30,18,39,20,67
13,14,34,41,33
73,93,61,84,53
44,24,91,22,14
96,58,6,28,92
82,70,36,36,49
75,22,84,35,47
78,4,41,62,95
98,43,44,5,7
98,80,95,85,5
46,5,60,80,20
28,98,30,66,93
15,98,26,14,94
25,66,59,92,45
86,26,6,16,32
98,60,55,57,56
84,57,1,65,31
1,46,15,96,38
77,79,69,91,63
35,34,68,59,88
6,80,71,31,90
56,33,40,41,40
91,20,46,58,25
47,53,21,32,13
33,59,83,81,11
55,97,29,33,67
25,70,90,82,79
50,58,59,46,43
17,63,56,90,83
82,84,44,89,87
39,64,49,82,20
99,78,30,68,68
2,17,49,33,77
59,18,69,52,14
18,18,32,5,32
66,22,20,9,7
43,16,72,79,61
29,19,55,46,25
3,23,9,28,55
6,46,57,46,14
96,38,62,57,77
24,45,7,68,79
3,75,82,77,45
56,82,36,21,69
40,99,45,70,18
95,27,95,60,75
40,35,54,68,75
3,90,67,75,47
74,36,95,15,39
40,19,40,25,62
22,37,24,50,2
99,94,32,26,99
72,76,82,21,6
81,92,42,81,81
32,35,79,40,
6,7,89,90,10
5,22,56,25,64
8,34,56,98,70
43,96,44,36,28
47,89,64,67,33
29,28,77,53,28
47,98,77,83,85
71,43,99,33,47
32,32,88,76,75
10,83,66,1,58
18,9,90,31,24
25,57,21,46,65
15,60,100,37,75
17,67,20,10,7
27,29,27,83,83
43,91,69,54,94
23,89,17,47,28
53,47,32,42,47
89,42,6,32,60
4,100,12,41,9
7,64,83,54,55
39,47,20,7,87
96,37,80,91,66
83,53,10,54,76
20,57,35,33,89
64,66,20,19,82
89,69,88,79,40
42,42,80,58,43
57,14,25,84,71
42,67,94,43,1
43,61,7,12,90
15,13,6,93,9
84,55,40,96,92
97,76,37,52,37
73,16,87,94,12
92,31,14,83,55
35,45,24,10,70
24,46,21,47,5
24,61,39,85,12
21,41,19,10,46
41,15,59,45,4
63,85,36,28,91
100,62,68,94,23
82,71,10,80,73
65,10,26,53,42
78,76,98,86,41
13,94,34,81,4
58,60,74,39,29
67,97,95,47,92
52,37,60,56,75
94,67,53,13,43
77,23,79,30,24
79,88,66,37,84
74,83,51,5,99
64,83,94,29,42
9,85,3,24,68
35,94,23,23,69
63,84,34,18,94
61,12,46,41,42
99,61,25,26,22
87,82,23,49,94
36,56,14,38,36
85,59,85,98,43
63,7,65,78,86
98,62,53,25,1
36,13,38,92,32
68,53,76,37,25
86,54,10,17,67
11,3,96,35,74
18,34,15,62,30
25,87,29,60,8
7,83,24,40,92
33,98,100,40,64
81,49,24,55,43
56,31,5,71,6
88,7,16,17,87
66,81,86,8,3
9,28,31,24,17
13,40,4,97,87
37,98,75,9,95
92,71,69,3,77
43,36,76,29,69
84,82,47,85,76
62,9,17,99,62
98,46,56,37,92
11,2,86,69,1
89,9,78,85,46
96,98,30,31,95
28,60,71,68,57
76,12,84,14,19
56,20,60,24,68
79,15,25,91,97
46,34,12,71,48
4,27,29,41,98
100,85,7,86,26
78,67,51,69,73
49,50,41,10,2
23,41,9,91,45
2,25,70,68,96
12,79,92,31,85
100,44,1,58,60
74,59,30,58,5
86,24,92,11,83
82,40,31,17,93
94,27,75,51,52
23,34,64,27,54
66,12,34,79,75
12,41,100,37,35
81,58,50,79,36
67,34,34,81,66
66,20,9,44,22
7,35,14,45,52
86,78,35,93,100
18,38,96,10,69
34,94,31,91,40
25,71,70,81,66
35,85,83,59,80
75,6,32,10,12
12,100,43,70,68
48,2,18,1,46
99,70,80,36,98
81,43,78,36,95
78,60,7,11,65
36,14,57,41,87
60,53,93,53,25
40,93,29,43,19
100,47,85,87,93
4,42,36,12,93
40,8,47,3,17
17,99,16,30,57
26,42,81,84,79
35,79,59,88,97
87,37,91,73,37
90,89,66,41,89
80,96,78,96,43
32,48,21,50,5
97,33,86,89,12
68,100,58,83,92
54,59,50,56,82
78,44,75,4,94
60,26,44,64,3
98,27,98,8,50
86,7,94,47,49
80,88,87,80,64
46,43,60,29,95
11,52,42,84,4
69,97,39,25,16
39,77,17,7,32
93,64,5,65,68
60,24,48,13,32
92,96,11,24,12
59,13,87,63,59
1,29,16,92,32
57,6,42,46,6
22,49,85,74,30
43,56,46,26,19
92,13,91,92,94
94,19,81,19,1
74,44,35,68,64
49,12,59,13,59
10,14,67,40,37
39,83,86,51,3
30,89,9,92,72
13,70,97,12,80
98,65,52,38,63
27,25,56,52,31
91,92,25,68,30
56,7,96,2,87
80,35,14,10,24
52,92,55,67,9
100,49,32,75,45
23,46,59,87,8
2,40,68,23,77
47,62,80,94,66
71,35,13,21,29
20,64,18,78,90
4,70,75,56,43
94,57,76,3,58
31,72,99,67,33
44,67,26,2,87
60,23,89,49,53
82,61,73,32,11
77,78,54,49,60
16,48,50,99,87
27,73,44,87,87
89,33,64,39,82
11,42,9,92,31
82,86,16,85,93
92,68,71,10,81
86,72,59,10,35
19,27,83,18,65
16,81,59,96,88
77,12,87,76,64
26,72,38,22,61
53,80,26,38,36
83,18,28,19,57
57,67,24,76,92
72,22,26,53,73
10,10,71,20,24
78,63,24,50,92
87,43,32,96,5
7,83,4,93,97
98,27,88,35,59
67,22,88,52,45
81,99,87,33,93
8,65,6,96,17
48,34,87,47,86
15,40,62,7,86
18,17,75,65,30
34,80,16,72,91
13,100,80,72,64
67,93,28,18,98
38,82,1,51,69
66,39,80,15,26
28,71,77,100,87
89,56,98,21,81
88,63,28,18,88
28,78,3,19,75
7,84,24,32,53
90,57,36,27,31
16,48,44,61,31
91,51,2,32,88
89,35,2,88,26
85,91,85,49,77
9,5,69,44,77
10,97,78,3,4
25,100,37,25,44
14,64,18,31,64
81,56,5,51,51
86,11,49,55,78
37,60,87,37,78
1,19,12,61,63
64,15,23,53,16
61,43,20,68,16
100,68,52,7,13
55,91,73,40,29
44,32,28,54,72
36,37,9,97,2
42,82,60,8,89
9,32,14,74,38
94,,60,39,64
90,65,87,69,11
64,37,52,17,62
39,5,4,3,3
93,51,100,78,21
48,17,42,56,38
32,79,58,85,84
93,35,59,98,85
7,76,4,88,84
69,32,36,73,20
99,99,63,38,73
3,13,19,54,53
56,85,15,29,71
31,62,26,54,67
60,60,26,67,50
96,47,38,82,29
86,64,84,26,67
18,63,38,52,17
76,85,53,30,5
5,3,50,59,56
32,33,71,17,11
55,6,36,36,30
42,20,34,54,53
44,85,87,97,54
66,53,57,18,55
71,32,4,87,33
18,12,69,14,71
30,20,26,96,49
2,15,58,57,17
91,67,60,6,19
56,18,63,24,20
34,87,28,73,22
57,69,44,32,11
32,23,34,3,48
7,11,78,65,7
35,97,92,42,48
27,91,77,98,47
94,23,91,60,4
82,100,96,90,7
61,34,41,35,4
76,74,46,93,66
46,61,98,26,91
31,98,74,51,71
96,3,19,19,62
36,44,79,56,50
57,3,89,53,99
12,6,36,18,70
81,36,1,39,50
5,47,19,76,13
90,85,5,29,12
48,88,47,28,66
17,55,21,32,20
1,9,29,22,27
12,10,88,84,19
92,51,60,10,3
9,8,23,71,26
48,50,54,87,65
13,11,96,26,100
51,83,9,12,79
98,22,3,12,45
10,80,3,20,86
63,92,18,19,77
28,8,82,42,22
18,46,45,76,93
7,3,86,98,80
20,17,13,82,7
4,72,46,37,24
45,66,23,81,95
34,9,34,72,84
12,68,42,29,47
26,57,67,35,31
32,43,99,46,49
22,65,100,7,66
98,25,79,15,65
64,96,9,96,88
53,80,68,16,5
72,13,76,64,53
95,77,9,81,5
64,22,68,25,25
26,19,17,54,14
2,32,30,76,71
57,95,24,59,81
49,70,35,28,75
57,77,13,31,60
85,17,54,79,22
93,42,84,87,79
39,9,43,52,28
15,86,86,13,99
12,82,29,61,39
78,11,25,59,76
14,33,54,59,78
87,96,4,48,90
85,48,7,31,2
83,79,68,99,95
81,84,22,18,87
71,91,96,68,84
1,75,23,53,87
48,72,76,18,58
66,39,89,42,42
19,95,31,36,15
81,36,60,92,17
97,87,15,96,83
65,12,84,90,30
85,29,2,54,18
25,91,96,84,83
60,80,42,29,16
71,86,54,35,77
32,40,58,92,36
27,37,24,36,23
89,38,61,6,37
23,37,20,71,98
76,9,80,52,56
99,75,97,81,18
55,77,39,15,63
81,22,22,69,92
36,60,32,16,97
41,5,38,9,22
45,39,25,71,10
32,96,73,63,60
46,83,78,90,55
87,80,60,70,50
100,89,37,35,45
48,21,74,7,77
58,87,9,58,51
67,29,60,68,19
55,10,81,25,8
46,41,77,96,51
45,99,71,47,85
40,84,48,97,47
13,35,90,18,43
30,90,56,99,40
48,70,6,19,45
20,48,70,4,22
99,33,33,18,87
90,28,85,4,55
24,49,26,36,53
16,85,72,78,53
77,41,12,78,88
7,95,69,82,63
18,6,37,23,55
25,78,96,62,41
1,44,65,85,42
11,11,19,2,74
80,87,37,43,90
4,93,99,72,1
59,87,73,28,62
84,99,50,11,71
89,51,89,84,84
26,28,55,47,2
48,90,35,36,18
53,52,84,97,21
35,42,10,75,97
48,55,99,29,5
73,72,58,47,66
34,81,52,56,50
6,89,73,60,33
28,82,36,2,91
36,92,32,78,37
48,77,79,7,69
47,33,17,76,31
100,53,85,65,37
72,96,1,68,79
94,65,54,96,29
7,43,84,98,66
19,45,7,94,10
82,87,41,5,40
81,17,85,31,19
51,63,86,89,15
9,34,26,10,23
59,41,94,66,98
46,15,79,74,63
88,98,84,34,1
41,7,9,18,40
71,69,31,66,67
85,61,43,87,72
9,74,31,48,7
69,92,20,65,51
68,88,17,86,96
29,96,18,8,5
31,85,52,13,25
56,70,61,66,48
61,76,64,2,80
52,47,93,98,77
28,23,59,79,2
94,48,45,47,34
82,27,63,43,74
95,41,47,55,100
76,20,33,56,72
26,39,94,24,31
2,82,62,16,8
79,26,87,4,65
7,97,33,46,84
59,29,89,3,14
12,56,70,46,75
16,20,8,37,71
44,35,,28,32
79,98,19,12,35
91,27,66,47,26
31,51,8,66,38
69,61,82,51,28
37,90,37,26,29
75,31,27,38,42
35,14,56,69,10
25,96,47,5,70
80,4,27,23,97
35,78,59,31,57
6,26,81,11,60
14,67,80,79,97
41,95,25,3,35
87,56,63,79,79
76,36,95,87,66
49,25,71,70,13
4,79,75,6,64
91,11,25,19,67
62,49,12,91,38
9,93,73,56,10
61,3,52,86,65
28,40,44,83,39
35,11,18,66,85
19,63,3,21,27
16,90,55,70,16
15,69,88,6,45
38,52,50,10,81
32,13,31,85,38
80,2,29,42,94
80,13,2,5,14
6,76,19,15,90
78,68,61,98,61
35,68,87,29,76
35,88,37,59,41
56,11,100,69,86
48,81,32,63,68
86,41,26,87,49
29,75,26,6,64
54,32,57,40,4
46,33,51,20,74
7,54,75,49,8
30,98,97,90,44
76,51,17,14,63
7,32,40,20,94
91,11,72,44,36
85,36,56,66,53
97,17,41,93,48
70,58,18,96,61
55,22,63,42,86
1,79,29,25,87
95,73,48,49,41
75,85,75,63,21
44,5,56,98,34
12,17,44,14,62
20,55,96,9,5
44,41,66,36,20
51,55,75,32,33
28,22,78,42,14
66,71,12,38,19
90,99,84,100,34
53,54,82,24,66
60,67,67,12,23
8,90,78,95,67
46,19,17,24,23
28,16,78,89,21
67,89,61,36,39
34,14,60,51,85
92,71,3,78,61
66,58,36,55,20
12,36,24,92,5
25,75,40,34,15
88,8,35,84,2
52,96,19,43,100
53,12,59,6,46
98,91,45,27,84
79,92,81,65,92
20,81,62,38,73
100,89,65,64,95
84,23,4,63,91
82,34,25,70,12
71,61,68,67,16
99,9,81,14,27
58,82,78,14,91
56,91,75,10,5
61,54,95,91,75
43,42,23,6,13
37,42,77,87,67
93,62,51,65,20
12,19,46,50,56
98,89,99,33,28
25,33,31,99,43
89,58,83,61,77
53,45,19,65,91
14,81,86,29,14
25,24,50,12,64
16,8,81,9,71
60,91,66,78,6
66,14,99,24,59
38,83,100,98,77
79,87,69,6,95
11,42,46,97,68
8,84,80,64,77
94,71,18,42,82
55,83,18,27,60
5,91,5,1,38
37,29,19,65,88
98,32,59,77,44
34,87,8,69,91
75,25,42,91,4
71,98,45,92,81
61,55,76,23,36
99,20,43,28,35
86,24,37,86,97
21,96,56,71,94
94,77,65,99,98
50,25,67,29,99
74,27,41,54,2
62,13,42,36,3
18,84,10,40,53
8,57,67,27,37
81,32,28,59,9
83,5,25,68,5
17,90,6,85,6
2,11,1,29,41
15,38,63,91,10
44,69,43,3,17
25,71,34,73,89
46,35,66,70,99
96,72,20,73,76
61,54,81,13,47
49,42,87,55,77
91,19,86,60,41
69,30,76,34,42
72,53,13,30,63
47,14,87,53,93
33,96,67,17,54
66,58,100,63,40
56,14,94,73,6
21,43,45,68,92
3,6,23,24,74
61,55,6,64,93
34,88,47,94,93
59,99,99,6,73
25,91,61,52,78
29,70,24,19,26
98,16,66,95,25
32,36,76,11,83
5,27,52,8,50
88,48,63,5,93
96,88,72,68,5
2,62,10,64,40
11,36,78,10,6
31,60,39,97,31
2,18,2,58,95
53,4,54,68,98
73,73,77,29,56
25,9,97,49,54
26,86,89,90,63
20,13,97,32,32
84,6,96,45,47
15,74,92,12,33
67,84,19,29,21
7,23,16,83,74
21,64,69,29,79
74,100,2,70,90
100,25,60,29,85
46,40,55,2,90
24,41,7,18,13
14,17,95,47,51
74,23,74,98,88
38,12,46,8,98
24,3,57,34,15
20,87,67,96,100
12,54,70,96,4
51,15,31,76,91
99,69,43,84,85
94,83,10,10,27
27,100,75,77,65
5,43,30,69,96
68,49,5,23,95
85,50,84,23,66
52,81,12,42,75
38,8,96,28,32
79,69,11,14,92
7,18,94,4,72
95,12,85,51,2
31,99,89,69,91
29,32,73,18,7
19,56,50,9,4
45,80,59,60,5
47,87,59,46,22
15,94,56,95,97
69,47,36,47,21
69,10,79,29,73
95,8,78,29,28
81,21,49,43,2
47,88,74,81,60
35,97,97,57,92
71,89,68,13,27
81,98,76,85,24
44,98,23,30,24
73,60,38,22,51
89,63,70,81,18
85,61,30,4,77
44,16,84,78,2
98,37,100,14,84
79,83,55,51,46
79,65,42,18,4
50,40,99,51,44
60,56,79,45,68
68,82,28,46,22
29,34,66,78,4
42,44,1,53,35
64,95,46,77,32
89,97,18,38,92
75,55,33,38,88
62,88,36,31,5
71,11,65,84,86
24,43,44,27,47
60,39,13,9,12
18,30,55,61,91
8,15,46,37,69
76,6,49,51,26
37,35,47,79,22
10,94,10,60,18
29,,12,3,58
35,40,45,17,40
11,97,43,39,46
59,17,21,24,21
8,1,58,57,91
9,75,69,24,47
64,7,29,19,55
32,42,80,41,89
20,6,76,30,68
50,51,42,55,16
94,70,28,8,68
47,39,32,33,25
34,26,19,98,87
93,92,28,83,8
70,43,61,29,20
13,2,73,87,47
80,61,97,70,27
100,68,70,51,1
93,44,38,6,10
37,49,37,21,54
42,99,44,79,56
59,40,9,30,91
35,86,67,77,66
85,4,46,20,62
37,86,83,88,92
67,58,79,81,17
24,86,96,73,1
59,19,4,95,96
80,38,99,42,100
45,5,63,72,30
2,20,25,5,91
57,12,97,45,33
68,95,82,57,72
8,32,80,10,21
96,64,19,28,83
10,14,11,10,41
59,46,25,88,38
9,24,57,17,89
61,46,90,16,1
49,82,9,70,57
39,90,60,10,31
95,55,21,71,78
57,87,6,55,88
64,45,18,18,9
18,97,1,51,4
52,52,19,81,79
43,67,23,30,65
57,61,99,32,50
58,24,15,88,9
11,3,57,81,9
84,24,100,31,13
22,13,58,64,51
6,56,54,98,54
56,23,74,47,98
99,66,43,48,41
80,31,80,55,68
33,93,10,94,8
83,63,7,47,97
27,64,100,12,18
60,6,57,90,58
53,9,95,16,79
68,7,47,52,24
39,67,56,87,49
80,61,11,21,88
41,73,73,74,49
12,14,38,55,67
13,71,56,37,15
27,3,20,80,85
31,29,77,73,25
98,43,77,57,95
79,62,57,4,69
58,76,18,64,30
93,90,43,47,9
68,59,40,19,73
19,18,1,97,11
86,60,17,5,35
66,94,36,43,73
31,55,12,18,98
3,71,74,7,53
44,69,28,30,70
69,99,97,41,2
47,13,41,92,61
66,5,12,65,9
76,59,97,56,38
42,88,34,28,87
97,74,10,58,74
20,7,85,89,81
20,51,71,62,29
61,99,12,25,10
1,92,39,20,1
47,92,81,13,78
7,8,72,72,71
31,95,51,95,100
54,37,56,28,26
32,79,90,49,72
64,38,36,44,92
8,16,90,42,55
96,16,10,64,5
69,79,87,89,47
58,8,86,53,81
9,28,36,13,40
61,8,81,33,35
48,97,25,32,13
62,65,21,69,26
18,72,55,68,18
5,65,7,67,19
56,41,11,40,7
96,70,28,31,14
33,49,91,59,83
72,20,90,20,14
70,63,77,89,1
65,67,81,3,41
27,84,59,69,42
97,57,23,58,50
89,13,100,28,26
28,11,34,6,56
22,25,66,27,68
57,9,83,67,23
27,21,15,12,26
27,83,8,58,98
50,57,63,19,85
57,90,61,64,36
15,44,84,72,16
9,52,79,8,19
95,56,42,88,92
9,71,48,41,31
60,77,38,4,42
90,100,21,65,86
91,65,36,66,11
7,36,99,76,56
11,82,8,19,27
98,61,5,59,38
61,10,2,26,15
13,50,67,77,60
28,19,41,30,31
46,44,53,83,57
36,78,14,53,96
9,66,64,77,74
61,88,50,94,58
82,57,73,29,100
42,30,47,68,84
30,19,11,45,42
17,98,23,7,93
97,8,62,25,73
24,94,12,43,36
99,27,86,18,65
29,26,92,38,38
21,8,3,56,65
59,62,26,31,72
73,84,83,99,72
63,81,48,70,94
19,36,9,6,31
5,18,48,68,64
100,81,9,52,33
69,51,4,71,93
50,2,56,85,39
55,54,66,46,22
48,6,8,20,37
97,89,22,22,3
94,92,65,17,49
24,73,22,88,91
58,87,87,86,15
52,90,52,76,49
91,95,5,42,56
23,19,30,94,11
65,37,5,23,88
68,51,71,99,54
21,17,66,98,56
75,12,73,33,25
41,10,44,76,20
32,58,32,47,62
48,80,2,42,9
49,20,69,75,78
44,62,56,58,68
90,53,38,16,45
66,17,93,18,30
4,15,43,2,49
36,13,8,76,53
28,67,42,21,56
27,65,27,95,29
68,15,32,50,14
70,24,8,52,15
95,46,15,54,12
92,88,63,57,4
74,30,12,53,63
3,27,28,97,59
38,89,40,68,62
15,40,90,65,58
60,33,38,15,11
53,23,50,31,72
57,56,50,14,88
26,40,78,51,66
19,9,99,99,47
61,2,1,61,92
75,82,95,17,82
74,82,82,63,40
19,1,18,22,67
94,53,23,7,58
45,10,80,2,93
81,62,25,32,45
56,73,34,62,44
83,11,66,59,83
49,96,50,70,35
56,20,65,98,81
71,6,49,68,40
99,37,9,17,42
78,77,24,38,35
77,76,83,12,61
34,60,29,33,24
55,12,17,78,37
31,64,73,79,54
48,95,22,42,61
47,45,21,28,25
62,28,91,14,43
86,45,58,95,92
52,1,23,32,73
21,43,61,65,3
3,44,65,70,24
27,19,65,39,66
15,32,50,46,6
83,93,83,46,23
66,93,97,96,14
35,52,34,69,63
65,88,53,33,70
66,90,19,15,62
92,67,91,57,45
72,78,27,62,97
76,18,41,37,17
81,8,43,75,93
55,63,71,33,30
2,97,97,15,89
62,94,83,45,76
48,7,86,2,88
24,38,87,90,59
47,61,30,79,75
71,8,86,55,46
51,82,89,17,90
85,11,70,76,2
64,10,78,92,21
42,49,10,99,18
37,92,100,44,50
44,10,50,65,15
17,43,94,2,71
46,23,54,20,60
15,36,6,51,46
44,80,27,62,51
45,81,89,46,29
9,7,56,89,88
59,14,54,65,2
31,12,23,37,48
47,27,57,29,33
57,9,90,30,32
6,29,50,78,19
62,45,62,89,96
11,95,19,34,35
13,30,68,62,8
58,25,55,63,93
71,68,5,94,41
50,64,44,72,21
94,36,86,11,69
68,13,65,79,86
39,53,72,28,49
48,79,46,71,73
26,12,97,41,10
59,70,30,63,5
15,41,46,94,53
71,96,33,90,19
17,77,95,68,5
73,53,77,72,33
98,35,27,33,54
61,41,91,88,59
5,21,73,87,63
25,43,10,45,94
23,19,88,62,9
90,38,95,22,59
65,37,67,87,57
33,94,72,3,6
51,50,68,75,34
34,84,50,53,45
79,30,93,24,24
78,18,75,35,100
6,34,11,57,54
13,63,72,79,73
7,47,82,31,28
54,25,96,22,80
43,20,50,1,58
61,16,85,58,65
77,59,37,29,45
14,23,63,72,83
21,7,3,29,92
86,19,12,29,33
93,15,5,13,84
24,95,19,42,33
12,29,89,64,97
44,10,28,99,21
3,43,7,19,59
99,15,18,71,82
2,82,31,73,88
31,38,71,83,77
7,2,26,80,42
45,77,76,99,45
80,3,40,100,46
72,50,25,62,27
94,88,44,24,95
23,69,48,43,94
45,62,3,2,3
73,28,50,59,81
38,10,98,96,63
39,7,1,47,58
73,65,9,58,43
86,32,62,83,39
28,7,77,55,66
22,90,19,19,42
60,96,18,34,14
31,47,68,37,45
18,55,67,30,14
17,32,75,94,90
46,79,24,8,12
40,69,77,60,96
29,85,2,80,67
14,72,53,24,2
36,45,63,97,99
2,77,56,67,30
23,1,85,45,73
5,11,92,29,59
27,40,76,27,75
54,98,81,3,76
52,90,59,61,7
61,55,92,38,24
89,47,70,63,64
86,92,26,58,95
67,55,44,74,93
30,97,18,53,3
9,33,60,20,97
36,68,86,86,85
51,13,9,20,62
79,89,60,53,28
93,83,95,62,52
71,3,27,84,39
99,51,14,69,90
29,42,79,14,55
66,60,75,90,45
13,51,10,27,65
65,94,45,84,42
7,64,78,2,24
69,28,60,6,99
43,78,48,15,32
18,73,89,35,6
84,30,34,35,64
98,39,49,1,24
47,30,12,78,50
5,4,80,16,77
11,54,3,46,89
19,27,91,98,99
31,88,78,94,86
48,8,32,33,18
14,71,91,75,75
13,91,91,36,96
75,39,69,93,92
2,8,79,28,80
57,4,32,52,36
15,26,90,7,21
72,35,67,46,26
76,65,83,38,84
12,75,63,5,17
71,41,93,88,36
44,68,12,92,22
74,78,36,35,69
1,89,82,72,99
71,90,78,96,53
46,90,82,73,90
94,98,18,81,32
30,92,17,30,29
13,22,1,30,41
25,63,65,7,12
65,68,30,66,96
59,42,55,36,87
83,61,49,37,27
4,28,42,32,56
45,32,69,28,28
63,65,61,50,13
15,54,23,50,55
66,69,2,70,1
34,86,62,95,9
38,40,15,45,88
60,90,84,41,65
14,53,5,14,8
48,68,13,16,38
50,25,96,57,74
41,7,99,11,13
96,77,34,48,49
8,40,18,78,83
39,97,28,20,69
74,31,10,54,59
76,84,62,96,55
4,45,65,76,98
50,49,88,61,99
26,82,50,54,72
91,35,46,97,53
65,86,53,10,24
60,44,54,2,15
61,10,54,69,100
70,21,19,68,39
86,36,74,92,2
63,5,55,89,80
16,96,44,58,30
42,88,54,51,21
1,55,82,92,59
84,20,46,39,19
20,1,95,62,9
6,34,21,83,28
65,10,16,31,86
32,21,40,64,70
31,55,12,27,89
6,43,29,98,13
8,22,91,63,42
33,91,22,59,55
66,48,4,68,41
43,12,19,79,17
96,5,51,78,82
76,39,99,76,79
23,16,10,96,3
25,4,22,11,89
94,70,58,45,58
45,44,87,99,24
30,5,64,92,35
9,7,60,90,65
71,31,100,83,1
13,11,50,88,88
79,60,13,53,29
88,21,56,12,58
22,1,51,26,99
18,29,3,7,60
60,22,6,22,41
95,68,14,15,45
26,37,19,2,94
15,76,42,12,18
12,77,96,18,51
71,63,34,92,74
74,64,27,72,36
76,70,12,8,5
84,77,82,100,5
13,3,8,24,29
1,95,10,36,98
7,49,55,42,29
91,71,96,21,68
72,71,56,26,59
79,60,93,94,18
64,92,67,94,94
33,28,88,92,36
17,30,17,35,75
49,22,20,94,77
20,32,39,31,23
90,41,95,83,91
9,67,46,21,45
93,78,65,9,76
39,38,59,36,68
95,24,90,28,97
58,33,68,78,21
65,86,81,71,70
79,3,41,68,97
15,2,84,33,45
19,10,62,88,16
55,24,31,37,17
45,34,100,88,83
45,94,18,29,42
89,12,77,69,65
85,62,70,35,27
88,20,34,81,64
81,70,67,29,55
43,32,32,25,67
4,25,8,2,56
54,30,63,98,41
33,9,91,97,22
91,22,6,35,48
94,54,55,73,23
58,31,27,78,86
58,56,40,53,75
39,35,87,42,61
81,65,86,72,46
1,33,29,19,86
13,83,43,20,83
69,31,59,59,87
100,89,69,10,51
56,90,28,29,76
48,19,71,70,86
84,53,52,45,62
86,32,23,89,52
68,14,59,15,92
100,100,87,88,89
69,62,39,21,23
56,52,52,7,33
45,90,4,22,52
3,100,82,42,54
7,70,65,26,81
42,97,63,91,37
85,72,50,9,1
77,68,1,71,43
27,97,21,43,57
84,55,34,42,93
100,87,94,83,46
50,32,60,42,3
91,83,58,55,24
68,4,31,50,4
19,4,19,75,51
9,32,97,25,90
39,57,47,73,96
7,96,27,29,99
86,95,35,20,39
88,53,9,84,67
87,99,16,96,26
40,81,15,100,88
98,68,42,3,2
90,50,84,77,40
74,21,35,61,60
50,48,40,36,9
28,70,18,98,62
79,67,4,90,6
77,24,59,78,21
33,55,64,45,62
43,73,33,51,62
21,63,87,80,76
32,74,2,58,36
58,32,73,48,12
79,34,18,12,93
45,37,12,23,1
76,65,83,36,26
4,49,40,68,62
50,33,43,6,14
33,31,51,33,9
26,23,88,11,61
53,54,57,91,2
44,98,77,95,97
50,78,66,56,37
1,3,82,43,93
28,85,29,58,70
78,3,94,33,30
74,21,23,62,47
71,19,41,27,52
3,89,82,67,43
86,57,100,65,32
40,57,80,55,61
54,27,77,25,53
11,35,36,25,34
87,23,54,94,85
40,74,97,80,69
100,39,99,90,42
58,66,62,72,99
43,53,37,87,60
17,11,26,99,86
96,12,62,1,36
59,90,4,39,73
58,74,27,50,34
13,14,86,49,24
58,85,95,80,69
71,61,14,71,35
94,98,47,70,22
45,63,1,10,75
4,51,54,35,14
6,85,91,20,91
11,23,96,33,56
12,95,88,20,40
100,95,92,65,34
7,8,9,83,92
8,68,40,59,32
99,88,71,100,98
54,3,96,9,9
75,76,38,87,7
20,27,73,35,94
94,73,67,72,21
94,22,16,54,86
32,67,4,51,80
37,22,31,77,59
46,10,59,46,95
56,82,69,27,25
9,30,60,77,4
20,38,95,34,48
78,70,47,34,12
99,70,30,30,15
76,11,72,18,5
36,55,22,49,4
38,46,83,57,56
83,74,85,86,41
55,40,53,51,40
99,55,38,1,71
55,79,65,71,92
4,8,87,12,67
87,59,38,14,42
61,72,80,69,44
60,52,24,51,31
88,77,50,44,75
99,76,61,64,19
16,58,11,35,5
35,54,64,55,81
30,85,65,14,78
4,63,1,93,70
99,43,76,89,71
66,100,54,93,60
90,75,50,42,33
73,96,58,69,27
95,47,43,49,31
75,53,78,67,57
70,96,54,58,77
20,99,38,19,16
68,50,29,80,24
46,4,88,31,13
50,58,22,4,36
42,8,30,13,45
87,5,50,54,53
13,3,98,50,91
26,26,47,36,68
9,44,75,77,78
39,86,37,42,75
70,16,90,85,59
45,70,93,50,23
94,61,55,66,25
69,54,9,81,64
18,48,15,45,85
24,64,33,55,18
23,65,34,58,14
29,74,62,29,6
37,61,8,76,86
21,34,52,33,55
45,56,34,11,99
70,43,67,81,3
40,51,89,19,35
34,83,45,99,32
19,96,96,76,63
89,89,97,52,54
11,87,8,85,81
66,92,50,24,85
57,82,3,17,49
33,1,20,46,24
76,62,93,48,26
48,98,28,24,85
28,70,3,63,90
51,1,83,41,91
42,72,26,2,61
58,84,96,72,28
91,79,48,4,56
60,60,55,36,56
97,92,22,23,65
100,10,19,92,9
85,65,32,28,8
63,88,100,56,32
87,29,81,11,46
82,27,1,47,29
69,68,38,58,10
78,28,50,84,40
8,77,5,97,12
50,55,42,95,37
48,72,11,54,81
37,30,14,42,98
68,9,3,24,5
84,69,29,13,8
84,14,16,93,71
63,32,97,46,96
28,3,74,43,78
58,51,39,86,31
1,27,85,19,37
27,37,75,69,36
50,30,47,68,27
77,64,36,89,2
44,38,9,93,22
45,8,45,38,91
13,55,64,36,67
13,48,77,80,78
88,34,25,84,31
69,31,89,77,88
18,89,16,44,69
67,66,40,13,13
9,6,78,9,20
19,96,9,91,6
29,15,31,98,85
53,52,76,46,14
87,51,48,52,62
33,36,8,86,8
51,42,16,64,95
11,72,96,18,68
82,76,77,88,53
92,6,51,29,96
29,92,64,68,20
96,10,42,83,71
43,11,88,3,15
15,27,49,61,11
48,57,1,27,37
15,69,78,68,14
53,84,99,12,55
6,38,72,56,50
67,84,32,81,19
98,77,1,97,1
36,82,42,46,69
32,72,83,88,70
1,90,76,43,94
87,78,27,19,43
69,21,7,100,78
88,78,38,96,91
61,3,25,35,12
60,94,28,58,24
42,6,91,34,96
81,81,41,2,78
50,8,63,54,55
64,55,53,10,96
92,46,18,48,99
32,75,17,14,45
98,95,11,27,9
65,82,9,98,19
21,73,12,60,50
13,7,48,48,98
13,84,67,3,7
79,97,75,16,18
96,64,69,17,4
42,10,11,92,35
86,41,32,50,99
3,62,97,89,43
90,36,47,82,39
94,21,49,40,1
50,62,41,35,8
33,33,3,53,28
32,86,71,49,83
58,49,30,27,31
95,43,46,66,34
77,90,3,39,3
50,9,15,77,65
75,96,64,96,10
52,80,29,7,9
28,93,55,11,50
79,50,8,93,89
4,27,37,85,72
20,61,92,7,26
56,75,14,55,40
21,47,62,53,48
39,14,69,8,64
18,86,87,86,66
35,98,28,60,68
7,34,51,60,50
65,92,89,10,74
46,39,75,59,56
79,28,9,85,31
70,31,59,82,7
38,1,45,4,76
9,51,7,66,8
6,5,53,83,13
53,1,48,78,73
16,41,65,1,51
72,7,87,77,42
2,98,4,66,45
41,65,84,17,3
97,99,13,77,82
62,63,96,53,62
24,11,55,61,84
85,48,33,26,52
70,7,46,83,9
73,41,84,1,57
98,97,4,81,64
59,20,43,82,51
46,81,47,53,7
17,78,19,75,86
6,28,66,39,52
13,76,99,39,4
26,77,48,82,67
68,4,10,71,92
6,61,84,47,36
39,7,24,82,32
64,84,60,89,90
90,5,7,27,73
33,89,39,85,75
58,44,32,46,94
17,98,36,13,95
9,56,90,25,98
85,82,27,61,39
37,48,87,57,52
19,45,89,55,73
92,14,80,79,5
29,97,32,42,65
61,81,73,99,3
79,49,82,61,25
42,20,76,35,37
93,7,39,23,83
18,80,65,25,19
62,17,83,8,99
52,65,55,5,8
93,48,33,6,49
57,25,39,24,48
54,79,24,67,85
100,40,45,32,80
61,61,16,23,16
10,93,40,24,23
74,12,4,97,51
90,72,10,3,66
30,41,75,17,40
45,83,55,25,23
56,21,79,3,22
58,39,5,88,20
43,66,81,1,14
86,92,93,38,9
48,10,13,35,87
17,40,31,12,75
58,85,10,65,45
6,9,69,17,26
67,38,98,77,37
59,55,79,85,77
68,39,14,51,21
27,56,47,91,7
27,78,19,18,84
94,73,2,37,65
66,51,4,23,16
22,67,80,29,19
92,62,26,8,83
12,31,15,66,75
96,100,23,45,19
21,16,37,56,29
91,94,27,64,65
25,98,40,61,18
75,68,29,68,77
82,68,66,20,76
43,29,44,8,20
96,5,40,88,32
29,55,70,51,79
76,34,96,36,64
89,91,67,68,76
72,70,89,48,86
80,35,30,85,94
5,8,20,53,71
47,37,69,68,49
2,77,51,35,73
68,7,4,90,68
67,44,99,6,6
53,8,86,81,9
28,1,14,61,38
9,19,29,63,95
40,6,30,98,36
1,57,94,51,69
64,57,86,63,29
43,86,78,73,84
63,37,24,13,93
20,94,25,7,17
1,34,60,38,36
49,17,98,46,85
47,69,73,50,97
99,59,78,5,39
37,75,15,17,2
80,44,64,64,61
52,33,67,61,80
46,81,35,60,42
82,74,90,49,50
68,68,99,96,45
8,6,78,60,59
67,80,69,56,6
35,15,74,98,53
55,7,85,5,32
37,88,3,21,99
12,65,56,10,90
94,18,3,35,69
28,50,40,38,100
69,96,67,91,74
57,44,23,13,78
30,55,45,43,95
29,43,29,31,87
68,87,36,79,31
100,11,34,24,2
15,79,78,19,99
36,59,18,16,99
20,54,67,54,12
29,68,25,82,89
95,75,84,22,85
6,96,65,36,14
26,45,26,29,33
6,38,76,75,78
4,15,82,31,45
35,48,75,66,82
71,98,59,15,100
94,11,64,30,11
31,26,13,76,17
12,24,18,18,28
87,62,9,21,31
57,14,76,12,35
88,10,50,92,60
94,13,35,22,97
65,64,55,22,50
28,51,54,3,38
42,85,97,74,78
56,91,26,85,91
5,18,52,30,60
99,28,25,37,6
49,64,31,24,60
75,75,37,41,89
46,42,55,69,95
87,26,56,54,90
71,82,28,62,88
77,100,59,84,23
36,5,92,23,7
93,31,26,92,81
85,62,71,35,81
23,56,84,20,6
51,95,5,25,98
72,75,86,57,12
46,92,13,22,13
96,77,98,23,9
27,9,28,1,87
1,89,67,77,9
45,29,30,68,11
61,58,24,59,52
90,84,40,97,98
9,67,50,83,74
66,21,67,26,93
87,34,36,56,15
86,11,28,3,96
5,22,20,44,81
75,82,91,13,12
15,35,69,65,20
29,29,75,94,70
39,62,54,48,84
14,75,48,22,55
62,92,51,61,51
83,79,86,88,80
97,39,47,57,17
52,87,20,63,84
15,77,100,29,28
7,1,85,33,1
39,85,14,26,91
1,12,76,45,75
94,84,21,14,78
6,13,43,21,58
80,60,79,22,12
41,34,22,14,85
65,8,87,33,34
13,76,11,64,75
100,44,36,2,79
85,32,3,15,6
53,1,52,5,19
100,28,54,7,75
